{
  "results_dir": "results/ablation_v3_full_1319_policy_layerfix",
  "primary_analysis_layer": "late",
  "primary_k": 20,
  "experiment_a_overall": {
    "auroc": 0.816164977031077,
    "auprc": 0.6300010987262342,
    "brier": 0.17520038486613526,
    "ece": 0.15064393509714177,
    "lead_time_mean": 0.6701183431952663,
    "alarm_before_error_rate": 0.34523809523809523,
    "false_alarm_before_any_error_rate": 0.47024442082890544,
    "selected_alarm_policy": {
      "policy_name": "trajectory_q68",
      "score_col": "trajectory_warning_score",
      "threshold_kind": "quantile",
      "threshold_value": 0.68,
      "consecutive_n": 1,
      "rolling_k": 0,
      "rolling_m": 0,
      "base_floor_quantile": NaN,
      "threshold": 0.2788337225789122
    },
    "layer_recommendation_classification": {
      "selection_metric": "classification_auroc_then_alarm_before_error_rate_then_lead_time_mean",
      "analysis_layer": "early",
      "analysis_layer_index": 7,
      "auroc": 0.8197452614296398,
      "auprc": 0.6346814353890508,
      "brier": 0.17374366559687468,
      "ece": 0.1497642811695166,
      "lead_time_mean": 0.559190031152648,
      "alarm_before_error_rate": 0.3134920634920635,
      "false_alarm_before_any_error_rate": 0.3995749202975558,
      "late_alarm_rate": 0.5357142857142857,
      "missed_alarm_rate": 0.13227513227513227,
      "early_objective": -0.1712304431518431,
      "selected_policy_name": "static_q70",
      "selected_policy_score_col": "warning_score",
      "selected_policy_threshold": 0.2745447573312008
    },
    "layer_recommendation_early_warning": {
      "selection_metric": "early_objective_then_alarm_before_error_rate_then_lead_time_mean_then_auroc",
      "analysis_layer": "middle",
      "analysis_layer_index": 14,
      "auroc": 0.8169866009929773,
      "auprc": 0.6290287830479995,
      "brier": 0.17500129554939947,
      "ece": 0.15108243579228697,
      "lead_time_mean": 0.7350299401197605,
      "alarm_before_error_rate": 0.33994708994708994,
      "false_alarm_before_any_error_rate": 0.4256110520722636,
      "late_alarm_rate": 0.5436507936507936,
      "missed_alarm_rate": 0.09788359788359788,
      "early_objective": -0.11488904644365766,
      "selected_policy_name": "trajectory_q68",
      "selected_policy_score_col": "trajectory_warning_score",
      "selected_policy_threshold": 0.3174125926729086
    }
  },
  "experiment_b_common_index": [
    {
      "comparison_scope": "common_index",
      "model_name": "Qwen/Qwen2.5-1.5B-Instruct",
      "analysis_layer": "late",
      "analysis_layer_index": 28,
      "k_used": 20,
      "n_samples": 1319,
      "failure_rate": 0.2699014404852161,
      "auroc": 0.8532033556185609,
      "auroc_ci_low": 0.8299600514074927,
      "auroc_ci_high": 0.8750232226487606,
      "auprc": 0.6943003644411156,
      "auprc_ci_low": 0.6416750558182488,
      "auprc_ci_high": 0.7440667804822204,
      "brier": 0.15362494908925686,
      "brier_ci_low": 0.14248459791324164,
      "brier_ci_high": 0.1646553208663044,
      "ece": 0.1426961865133485,
      "ece_ci_low": 0.12390000400635753,
      "ece_ci_high": 0.16318298249991886,
      "signal_gap_mean": 1.8701315674639427,
      "cohen_d_wrong_vs_correct": 1.2239637633427005,
      "mann_whitney_pvalue": 4.798201066196748e-176
    },
    {
      "comparison_scope": "common_index",
      "model_name": "deepseek-ai/DeepSeek-R1-Distill-Qwen-1.5B",
      "analysis_layer": "late",
      "analysis_layer_index": 28,
      "k_used": 20,
      "n_samples": 1319,
      "failure_rate": 0.3032600454890068,
      "auroc": 0.7845103373231774,
      "auroc_ci_low": 0.7585993743945877,
      "auroc_ci_high": 0.8081627508880468,
      "auprc": 0.5519560208979916,
      "auprc_ci_low": 0.5036301686270449,
      "auprc_ci_high": 0.6066933879748501,
      "brier": 0.19200018071031533,
      "brier_ci_low": 0.18071800173749453,
      "brier_ci_high": 0.20338745540702088,
      "ece": 0.14903777734502566,
      "ece_ci_low": 0.1259459664754608,
      "ece_ci_high": 0.17212767997196682,
      "signal_gap_mean": 1.603445159217662,
      "cohen_d_wrong_vs_correct": 1.1141982109394757,
      "mann_whitney_pvalue": 3.816390572301257e-278
    }
  ],
  "experiment_b_best_layer": [
    {
      "comparison_scope": "per_model_best_layer",
      "model_name": "Qwen/Qwen2.5-1.5B-Instruct",
      "analysis_layer": "late",
      "analysis_layer_index": 28,
      "k_used": 20,
      "n_samples": 1319,
      "failure_rate": 0.2699014404852161,
      "auroc": 0.8532033556185609,
      "auroc_ci_low": 0.8299600514074927,
      "auroc_ci_high": 0.8750232226487606,
      "auprc": 0.6943003644411156,
      "auprc_ci_low": 0.6416750558182488,
      "auprc_ci_high": 0.7440667804822204,
      "brier": 0.15362494908925686,
      "brier_ci_low": 0.14248459791324164,
      "brier_ci_high": 0.1646553208663044,
      "ece": 0.1426961865133485,
      "ece_ci_low": 0.12390000400635753,
      "ece_ci_high": 0.16318298249991886,
      "signal_gap_mean": 1.8701315674639427,
      "cohen_d_wrong_vs_correct": 1.2239637633427005,
      "mann_whitney_pvalue": 4.798201066196748e-176
    },
    {
      "comparison_scope": "per_model_best_layer",
      "model_name": "deepseek-ai/DeepSeek-R1-Distill-Qwen-1.5B",
      "analysis_layer": "early",
      "analysis_layer_index": 7,
      "k_used": 20,
      "n_samples": 1319,
      "failure_rate": 0.3032600454890068,
      "auroc": 0.7871191512513601,
      "auroc_ci_low": 0.7640189423464044,
      "auroc_ci_high": 0.8121358406616445,
      "auprc": 0.5655262676112078,
      "auprc_ci_low": 0.5140922987323546,
      "auprc_ci_high": 0.6151293183247264,
      "brier": 0.19045956103591924,
      "brier_ci_low": 0.17986327878011665,
      "brier_ci_high": 0.20187821467570913,
      "ece": 0.14790491160730132,
      "ece_ci_low": 0.12589144492874688,
      "ece_ci_high": 0.17203919759855424,
      "signal_gap_mean": 2.2564381717549016,
      "cohen_d_wrong_vs_correct": 1.448979844300814,
      "mann_whitney_pvalue": 1.505584577308379e-261
    }
  ],
  "experiment_c_stability": [
    {
      "model_name": "Qwen/Qwen2.5-1.5B-Instruct",
      "auroc_cv_over_k": 0.00310663904509854,
      "kendall_tau_mean": 0.8267483183218077
    },
    {
      "model_name": "deepseek-ai/DeepSeek-R1-Distill-Qwen-1.5B",
      "auroc_cv_over_k": 0.002096071530262123,
      "kendall_tau_mean": 0.8884234657622553
    }
  ],
  "case_summary": {
    "results_dir": "results/ablation_v3_full_1319_policy_layerfix",
    "model_name": "deepseek-ai/DeepSeek-R1-Distill-Qwen-1.5B",
    "primary_k": 20,
    "analysis_layer": "middle",
    "analysis_layer_index": 14,
    "layer_selection": "early_warning_best",
    "selected_policy": {
      "policy_name": "trajectory_q68",
      "score_col": "trajectory_warning_score",
      "threshold_kind": "quantile",
      "threshold_value": 0.68,
      "consecutive_n": 1,
      "rolling_k": 0,
      "rolling_m": 0,
      "base_floor_quantile": null,
      "threshold": 0.3668398126276596
    },
    "dataset_index": 725,
    "n_steps": 13,
    "final_correct": false,
    "first_alarm_step": 1,
    "first_error_step": 13,
    "lead_time": 12.0,
    "step_text_available": true
  }
}